დასახელება,მოცულობა,ფასი,სურათი
შოტლანდიური ვისკი Johnnie Walker Red Label,0.05L,"8,00","https://alcorium-store.ge/images/thumbnails/270/240/detailed/3/Johnnie_Walker_Red_Label_0,05_L.png"
შოტლანდიური ვისკი Ballantine's Finest,0.05L,"8,00","https://alcorium-store.ge/images/thumbnails/270/240/detailed/3/Ballantine's_Finest_0,05_L.png"
ბურბონი John Jameson,0.05L,"9,00","https://alcorium-store.ge/images/thumbnails/270/240/detailed/3/John_Jameson_0,05_L.png"
ირლანდიური ვისკი Tullamore Dew,0.05L,"9,00","https://alcorium-store.ge/images/thumbnails/270/240/detailed/3/Tullamore_Dew_0,05_L.png"
ბურბონი Jack Daniel's,0.05L,"10,00","https://alcorium-store.ge/images/thumbnails/270/240/detailed/3/Jack_Daniel's_0,05_L.png"
შოტლანდიური ვისკი Barclays Scotc,0.2L,"11,50","https://alcorium-store.ge/images/thumbnails/270/240/detailed/3/Barclays_Scotch_0,2_L.png"
ერთალაოიანი შოტლანდიური ვისკი Monkey Shoulder,0.05L,"15,00","https://alcorium-store.ge/images/thumbnails/270/240/detailed/3/Monkey_Shoulder_0,05_L.png"
"შოტლანდიური ვისკი Chivas Regal, 12 წლიანი",0.05L,"16,00","https://alcorium-store.ge/images/thumbnails/270/240/detailed/3/Chivas_Regal_0,05_L_12_Years_Old.png"
"ერთალაოიანი შოტლანდიური ვისკი Glenfiddich, 12 წლიანი",0.05L,"16,00","https://alcorium-store.ge/images/thumbnails/270/240/detailed/3/Glenfiddich_0,05_L_12_Years_Old.png"
შოტლანდიური ვისკი Johnnie Walker Black Label,0.05L,"16,00","https://alcorium-store.ge/images/thumbnails/270/240/detailed/3/Johnnie_Walker_Black_Label_0,05.png"
შოტლანდიური ვისკი Grant',0.2L,"18,30","https://alcorium-store.ge/images/thumbnails/270/240/detailed/3/Grant's_0,2_L.png"
შოტლანდიური ვისკი J & B Rar,0.2L,"18,50",https://alcorium-store.ge/images/thumbnails/270/240/detailed/2/J___B_Rare_0.2L.png
შოტლანდიური ვისკი Johnnie Walker Red Label Pocke,0.2L,"19,90",https://alcorium-store.ge/images/thumbnails/270/240/detailed/2/Johnnie_Walker_Red_Label_Pocket_0.2L.png
შოტლანდიური ვისკი Ballantine's Fines,0.2L,"19,90","https://alcorium-store.ge/images/thumbnails/270/240/detailed/3/Ballantine's_Finest_0,2.png"
"ერთალაოიანი შოტლანდიური ვისკი Glenfiddich, 15 წლიანი",0.05L,"20,00","https://alcorium-store.ge/images/thumbnails/270/240/detailed/3/Glenfiddich_0,05_L_15_Years_Old.png"
ერთალაოიანი შოტლანდიური ვისკი Glenmorangie Original,0.05L,"22,00","https://alcorium-store.ge/images/thumbnails/270/240/detailed/3/Glenmorangie_Original_0,05_L.png"
"ერთალაოიანი შოტლანდიური ვისკი Balvenie Doublewood, 12 წლიანი",0.05L,"22,00","https://alcorium-store.ge/images/thumbnails/270/240/detailed/3/Balvenie_Doublewood_0,05_L_12_Years_Old.png"
შოტლანდიური ვისკი Barclays Scotc,0.5L,"24,90",https://alcorium-store.ge/images/thumbnails/270/240/detailed/2/Barclays_Scotch_0.5L.png
შოტლანდიური ვისკი Clan Macgrego,0.5L,"24,90",https://alcorium-store.ge/images/thumbnails/270/240/detailed/2/clan-macgregor.jpg
შოტლანდიური ვისკი Clan Macgrego,0.7L,"24,90",https://alcorium-store.ge/images/thumbnails/270/240/detailed/2/clan-macgregor_snaw-5l.jpg
ირლანდიური ვისკი John Jameso,0.2L,"28,90","https://alcorium-store.ge/images/thumbnails/270/240/detailed/3/John_Jameson_0,2_L.png"
შოტლანდიური ვისკი Highland Cros,0.7L,"29,90",https://alcorium-store.ge/images/thumbnails/270/240/detailed/3/Highland_Cross_0.7L.png
"ერთალაოიანი შოტლანდიური ვისკი Glenfiddich, 18 წლიანი",0.05L,"30,00","https://alcorium-store.ge/images/thumbnails/270/240/detailed/3/Glenfiddich_0,05_L_18_Years_Old.png"
ბურბონი Jack Daniel',0.2L,"31,50","https://alcorium-store.ge/images/thumbnails/270/240/detailed/3/Jack_Daniel's_0,2_L.png"
შოტლანდიური ვისკი - Highland Chie,0.7L,"32,30",https://alcorium-store.ge/images/thumbnails/270/240/detailed/2/Highland_Chief_0.7L.png
შოტლანდიური ვისკი Barclays Scotc,0.7L,"32,90",https://alcorium-store.ge/images/thumbnails/270/240/detailed/2/Barclays_Scotch_0.7L.png
შოტლანდიური ვისკი Legends of Scotlan,0.7L,"33,60",https://alcorium-store.ge/images/thumbnails/270/240/detailed/3/LEGENDS_of__SCOTLAND_0.7_ლ.jpeg
შოტლანდიური ვისკი Claymor,0.7L,"34,90",https://alcorium-store.ge/images/thumbnails/270/240/detailed/3/Claymore_0.7L.png
"შოტლანდიური ვისკი, Glen Clyd",0.7L,"36,00",https://alcorium-store.ge/images/thumbnails/270/240/detailed/3/GLEN_CLYDE_0.7_ლ.jpg
შოტლანდიური ვისკი Hankey Banniste,"0,7L","37,50",https://alcorium-store.ge/images/thumbnails/270/240/detailed/3/Hankey_Bannister_0.7L.jpg
"ქართული ვისკი, Jimsher, საფერავის კასრ",0.7L,"37,50",https://alcorium-store.ge/images/thumbnails/270/240/detailed/2/Jimsher_საფერავის_კასრი_0.7ლ.png
"ქართული ვისკი, Jimsher, ბრენდის კასრ",0.7L,"37,50",https://alcorium-store.ge/images/thumbnails/270/240/detailed/2/Jimsher_ბრენდის_კასრი_0.7ლ.png
კანადური ვისკი Black Velve,0.7L,"37,50",https://alcorium-store.ge/images/thumbnails/270/240/detailed/3/Black_Velvet_0.7L.jpg
შოტლანდიური ვისკი The Famous Grous,0.5L,"39,90",https://alcorium-store.ge/images/thumbnails/270/240/detailed/3/The_Famous_Grouse_0.5L.jpg
შოტლანდიური ვისკი Old Smuggle,0.7L,"39,90",https://alcorium-store.ge/images/thumbnails/270/240/detailed/1/smuggler.png
შოტლანდიური ვისკი Grant',0.5L,"41,50",https://alcorium-store.ge/images/thumbnails/270/240/detailed/2/grants-family-reserve-whisky-bottle.png
შოტლანდიური ვისკი Ballantine's Fines,0.5L,"43,70",https://alcorium-store.ge/images/thumbnails/270/240/detailed/2/blend_bal5.jpg
"შოტლანდიური ვისკი Chivas Regal, 12 წლიან",0.2L,"43,90",https://alcorium-store.ge/images/thumbnails/270/240/detailed/3/Chivas_Regal_0.2L_12_Years_Old.jpg
შოტლანდიური ვისკი Johnnie Walker Red Labe,0.5L,"43,90",https://alcorium-store.ge/images/thumbnails/270/240/detailed/4/Johnnie_Walker_Red_Label_0.5L.jpg
შოტლანდიური ვისკი Johnnie Walker Black Label Pocket,0.2L,"43,90",https://alcorium-store.ge/images/thumbnails/270/240/detailed/2/Johnnie_Walker_Black_Label_Pocket_0.2L.png
შოტლანდიური ვისკი Whyte & Macka,0.7L,"44,90",https://alcorium-store.ge/images/thumbnails/270/240/detailed/3/Whyte___Mackay_0.7L.png
შოტლანდიური ვისკი William Lawso,0.7L,"44,90",https://alcorium-store.ge/images/thumbnails/270/240/detailed/3/William_Lawson_0.7L.jpg
შოტლანდიური ვისკი Barclays Sco,- 1L,"44,90",https://alcorium-store.ge/images/thumbnails/270/240/detailed/2/Barclays_Scotch_1L.png
შოტლანდიური ვისკი Clan Macgre,- 1L,"44,90",https://alcorium-store.ge/images/thumbnails/270/240/detailed/2/clan-macgregor_pj2b-j9.jpg
შოტლანდიური ვისკი Glen Talloc,0.7L,"44,90","https://alcorium-store.ge/images/thumbnails/270/240/detailed/3/Glen_Talloch_0,7.jpg"
შოტლანდიური ვისკი Scotish Leader Origina,0.7L,"44,90",https://alcorium-store.ge/images/thumbnails/270/240/detailed/3/Scotish_Leader_Original_0.7L.jpeg
"ქართული ვისკი, Jimsher წინანდლის კასრ",0.7L,"45,00",https://alcorium-store.ge/images/thumbnails/270/240/detailed/2/Jimsher_წინანდლის_კასრი_0.7ლ.png
ერთალაოიანი შოტლანდიური ვისკი Monkey Shoulde,0.2L,"45,90","https://alcorium-store.ge/images/thumbnails/270/240/detailed/3/Monkey_Shoulder_0,2.png"
ირლანდიური ვისკი Bushmill,0.7L,"47,50",https://alcorium-store.ge/images/thumbnails/270/240/detailed/2/irish_bus1_ko6z-pc.jpg
შოტლანდიური ვისკი Claym,- 1L,"47,50",https://alcorium-store.ge/images/thumbnails/270/240/detailed/3/Claymore_1L.png
შოტლანდიური ვისკი Hankey Bannis,- 1L,"49,90",https://alcorium-store.ge/images/thumbnails/270/240/detailed/3/Hankey_Bannister_1L_doga-2d.jpg
კანადური ვისკი Black Vel,- 1L,"49,90",https://alcorium-store.ge/images/thumbnails/270/240/detailed/3/Black_Velvet_1L.jpg
ირლანდიური ვისკი Bushmills Black Bus,0.7L,"49,90",https://alcorium-store.ge/images/thumbnails/270/240/detailed/2/102440_bushmills_black_bush_irish_whiskey_700.jpg
ბურბონი PennyPacke,0.7L,"49,90","https://alcorium-store.ge/images/thumbnails/270/240/detailed/3/PennyPacker_Bourbon_0,7_L.png"
ირლანდიური ვისკი West Cork Origina,0.7L,"49,90",https://alcorium-store.ge/images/thumbnails/270/240/detailed/3/West_Cork_Original_0.7L.png
შოტლანდიური ვისკი Highlands Frie,- 1L,"49,90",https://alcorium-store.ge/images/thumbnails/270/240/detailed/3/Highlands_Friends_1L.png
შოტლანდიური ვისკი Grant's DG,0.7L,"52,50",https://alcorium-store.ge/images/thumbnails/270/240/detailed/2/Grant's_DGP_0.7L.png
შოტლანდიური ვისკი J & B Rar,0.7L,"52,50",https://alcorium-store.ge/images/thumbnails/270/240/detailed/2/J_B_0.7_L.png
"შოტლანდიური ვისკი Cutty Sark, 12 წლიან",0.7L,"52,80",https://alcorium-store.ge/images/thumbnails/270/240/detailed/3/Cutty_Sark_0.7L_12_Years_Old.jpg
შოტლანდიური ვისკი Grant's Triple Woo,0.7L,"53,50",https://alcorium-store.ge/images/thumbnails/270/240/detailed/4/Grant's_Triple_Wood_0.7L.png
